Id,Id2,Geography,Target Geo Id,Target Geo Id2,Geographic area,Geographic area,Population,Housing units,Area Sq Mi,Area Water,Area Land,Density Land,Density Housing,District
0400000US01,1,Alabama,5001300US0101,101,Alabama - Congressional District 1 (113th Congress),Congressional District 1 (113th Congress),682820,322427,6945.56,878.72,6066.83,112.5,53.1,1
0400000US01,1,Alabama,5001300US0102,102,Alabama - Congressional District 2 (113th Congress),Congressional District 2 (113th Congress),682820,307620,10260.18,118.54,10141.63,67.3,30.3,2
0400000US01,1,Alabama,5001300US0103,103,Alabama - Congressional District 3 (113th Congress),Congressional District 3 (113th Congress),682819,315794,7725.66,181.8,7543.86,90.5,41.9,3
0400000US01,1,Alabama,5001300US0104,104,Alabama - Congressional District 4 (113th Congress),Congressional District 4 (113th Congress),682819,311875,9108.98,220.2,8888.77,76.8,35.1,4
0400000US01,1,Alabama,5001300US0105,105,Alabama - Congressional District 5 (113th Congress),Congressional District 5 (113th Congress),682819,301081,3856.78,179.47,3677.31,185.7,81.9,5
0400000US01,1,Alabama,5001300US0106,106,Alabama - Congressional District 6 (113th Congress),Congressional District 6 (113th Congress),682819,293399,4239.23,68.45,4170.78,163.7,70.3,6
0400000US01,1,Alabama,5001300US0107,107,Alabama - Congressional District 7 (113th Congress),Congressional District 7 (113th Congress),682820,319657,10283.68,127.55,10156.13,67.2,31.5,7
0400000US02,2,Alaska,5001300US0200,200,Alaska - Congressional District (at Large) (113th Congress),Congressional District (at Large) (113th Congress),710231,306967,665384.04,94743.1,570640.95,1.2,0.5,1
0400000US04,4,Arizona,5001300US0401,401,Arizona - Congressional District 1 (113th Congress),Congressional District 1 (113th Congress),710224,323830,55176.42,136.81,55039.61,12.9,5.9,1
0400000US04,4,Arizona,5001300US0402,402,Arizona - Congressional District 2 (113th Congress),Congressional District 2 (113th Congress),710224,339912,7891.57,53.45,7838.12,90.6,43.4,2
0400000US04,4,Arizona,5001300US0403,403,Arizona - Congressional District 3 (113th Congress),Congressional District 3 (113th Congress),710224,258056,15691.87,3.08,15688.79,45.3,16.4,3
0400000US04,4,Arizona,5001300US0404,404,Arizona - Congressional District 4 (113th Congress),Congressional District 4 (113th Congress),710224,379317,33394.05,194.6,33199.45,21.4,11.4,4
0400000US04,4,Arizona,5001300US0405,405,Arizona - Congressional District 5 (113th Congress),Congressional District 5 (113th Congress),710224,303397,294.37,0.9,293.47,2420.1,1033.8,5
0400000US04,4,Arizona,5001300US0406,406,Arizona - Congressional District 6 (113th Congress),Congressional District 6 (113th Congress),710224,344899,629.16,4.09,625.07,1136.2,551.8,6
0400000US04,4,Arizona,5001300US0407,407,Arizona - Congressional District 7 (113th Congress),Congressional District 7 (113th Congress),710224,252200,205.52,0.4,205.12,3462.5,1229.5,7
0400000US04,4,Arizona,5001300US0408,408,Arizona - Congressional District 8 (113th Congress),Congressional District 8 (113th Congress),710225,313633,541.2,1.54,539.66,1316,581.2,8
0400000US04,4,Arizona,5001300US0409,409,Arizona - Congressional District 9 (113th Congress),Congressional District 9 (113th Congress),710224,329282,166.15,1.35,164.79,4309.8,1998.2,9
0400000US05,5,Arkansas,5001300US0501,501,Arkansas - Congressional District 1 (113th Congress),Congressional District 1 (113th Congress),728765,333200,19795.55,477.26,19318.29,37.7,17.2,1
0400000US05,5,Arkansas,5001300US0502,502,Arkansas - Congressional District 2 (113th Congress),Congressional District 2 (113th Congress),729192,324438,5095.86,117.74,4978.12,146.5,65.2,2
0400000US05,5,Arkansas,5001300US0503,503,Arkansas - Congressional District 3 (113th Congress),Congressional District 3 (113th Congress),728959,315953,5543.97,142.98,5400.99,135,58.5,3
0400000US05,5,Arkansas,5001300US0504,504,Arkansas - Congressional District 4 (113th Congress),Congressional District 4 (113th Congress),729002,342708,22743.17,405.09,22338.08,32.6,15.3,4
0400000US06,6,California,5001300US0601,601,California - Congressional District 1 (113th Congress),Congressional District 1 (113th Congress),702905,319851,28839.45,749.98,28089.47,25,11.4,1
0400000US06,6,California,5001300US0602,602,California - Congressional District 2 (113th Congress),Congressional District 2 (113th Congress),702905,316014,14544.03,1591.8,12952.23,54.3,24.4,2
0400000US06,6,California,5001300US0603,603,California - Congressional District 3 (113th Congress),Congressional District 3 (113th Congress),702906,262963,6359.94,176.36,6183.59,113.7,42.5,3
0400000US06,6,California,5001300US0604,604,California - Congressional District 4 (113th Congress),Congressional District 4 (113th Congress),702906,348448,13168.36,332.15,12836.2,54.8,27.1,4
0400000US06,6,California,5001300US0605,605,California - Congressional District 5 (113th Congress),Congressional District 5 (113th Congress),702905,284460,1854.12,123.3,1730.82,406.1,164.3,5
0400000US06,6,California,5001300US0606,606,California - Congressional District 6 (113th Congress),Congressional District 6 (113th Congress),702905,282509,179.4,4.37,175.04,4015.8,1614,6
0400000US06,6,California,5001300US0607,607,California - Congressional District 7 (113th Congress),Congressional District 7 (113th Congress),702904,271268,553.92,5.26,548.65,1281.1,494.4,7
0400000US06,6,California,5001300US0608,608,California - Congressional District 8 (113th Congress),Congressional District 8 (113th Congress),702905,305623,33041.15,173.94,32867.21,21.4,9.3,8
0400000US06,6,California,5001300US0609,609,California - Congressional District 9 (113th Congress),Congressional District 9 (113th Congress),702904,242082,1305.03,59.75,1245.28,564.5,194.4,9
0400000US06,6,California,5001300US0610,610,California - Congressional District 10 (113th Congress),Congressional District 10 (113th Congress),702905,241329,1841.62,22.83,1818.79,386.5,132.7,10
0400000US06,6,California,5001300US0611,611,California - Congressional District 11 (113th Congress),Congressional District 11 (113th Congress),702906,276041,529.14,35.54,493.61,1424,559.2,11
0400000US06,6,California,5001300US0612,612,California - Congressional District 12 (113th Congress),Congressional District 12 (113th Congress),702905,342334,120.69,81.71,38.97,18034.8,8783.4,12
0400000US06,6,California,5001300US0613,613,California - Congressional District 13 (113th Congress),Congressional District 13 (113th Congress),702906,302930,145.92,49.13,96.79,7262.1,3129.7,13
0400000US06,6,California,5001300US0614,614,California - Congressional District 14 (113th Congress),Congressional District 14 (113th Congress),702905,259708,579.08,319.58,259.5,2708.6,1000.8,14
0400000US06,6,California,5001300US0615,615,California - Congressional District 15 (113th Congress),Congressional District 15 (113th Congress),702904,246402,626.39,26.94,599.45,1172.6,411,15
0400000US06,6,California,5001300US0616,616,California - Congressional District 16 (113th Congress),Congressional District 16 (113th Congress),702904,220587,2885.3,45.79,2839.51,247.5,77.7,16
0400000US06,6,California,5001300US0617,617,California - Congressional District 17 (113th Congress),Congressional District 17 (113th Congress),702904,249146,193.78,8.93,184.85,3802.5,1347.8,17
0400000US06,6,California,5001300US0618,618,California - Congressional District 18 (113th Congress),Congressional District 18 (113th Congress),702906,283599,823.5,127.38,696.12,1009.7,407.4,18
0400000US06,6,California,5001300US0619,619,California - Congressional District 19 (113th Congress),Congressional District 19 (113th Congress),702904,222633,921.85,6.51,915.34,767.9,243.2,19
0400000US06,6,California,5001300US0620,620,California - Congressional District 20 (113th Congress),Congressional District 20 (113th Congress),702906,244569,5482.28,608.06,4874.22,144.2,50.2,20
0400000US06,6,California,5001300US0621,621,California - Congressional District 21 (113th Congress),Congressional District 21 (113th Congress),702904,190527,6743.86,13.92,6729.94,104.4,28.3,21
0400000US06,6,California,5001300US0622,622,California - Congressional District 22 (113th Congress),Congressional District 22 (113th Congress),702905,245519,1168.94,3.82,1165.12,603.3,210.7,22
0400000US06,6,California,5001300US0623,623,California - Congressional District 23 (113th Congress),Congressional District 23 (113th Congress),702904,264060,9936.89,38.88,9898,71,26.7,23
0400000US06,6,California,5001300US0624,624,California - Congressional District 24 (113th Congress),Congressional District 24 (113th Congress),702904,275400,8307.71,1424.36,6883.35,102.1,40,24
0400000US06,6,California,5001300US0625,625,California - Congressional District 25 (113th Congress),Congressional District 25 (113th Congress),702904,234183,1702.47,11.97,1690.5,415.8,138.5,25
0400000US06,6,California,5001300US0626,626,California - Congressional District 26 (113th Congress),Congressional District 26 (113th Congress),702905,239141,1250.75,311.63,939.12,748.5,254.6,26
0400000US06,6,California,5001300US0627,627,California - Congressional District 27 (113th Congress),Congressional District 27 (113th Congress),702905,258897,702.85,2.94,699.9,1004.3,369.9,27
0400000US06,6,California,5001300US0628,628,California - Congressional District 28 (113th Congress),Congressional District 28 (113th Congress),702904,317236,219.39,0.94,218.45,3217.7,1452.2,28
0400000US06,6,California,5001300US0629,629,California - Congressional District 29 (113th Congress),Congressional District 29 (113th Congress),702905,210475,92.66,0.63,92.03,7637.7,2287,29
0400000US06,6,California,5001300US0630,630,California - Congressional District 30 (113th Congress),Congressional District 30 (113th Congress),702904,282972,137.88,1.93,135.94,5170.5,2081.5,30
0400000US06,6,California,5001300US0631,631,California - Congressional District 31 (113th Congress),Congressional District 31 (113th Congress),702905,231682,220.73,2.49,218.24,3220.8,1061.6,31
0400000US06,6,California,5001300US0632,632,California - Congressional District 32 (113th Congress),Congressional District 32 (113th Congress),702905,203067,126.29,2.06,124.23,5657.9,1634.6,32
0400000US06,6,California,5001300US0633,633,California - Congressional District 33 (113th Congress),Congressional District 33 (113th Congress),702904,328472,477.65,189.06,288.58,2435.7,1138.2,33
0400000US06,6,California,5001300US0634,634,California - Congressional District 34 (113th Congress),Congressional District 34 (113th Congress),702904,251541,47.97,0.3,47.66,14747.1,5277.4,34
0400000US06,6,California,5001300US0635,635,California - Congressional District 35 (113th Congress),Congressional District 35 (113th Congress),702905,190919,169.01,0.13,168.88,4162.1,1130.5,35
0400000US06,6,California,5001300US0636,636,California - Congressional District 36 (113th Congress),Congressional District 36 (113th Congress),702905,332618,5990.63,77.99,5912.64,118.9,56.3,36
0400000US06,6,California,5001300US0637,637,California - Congressional District 37 (113th Congress),Congressional District 37 (113th Congress),702904,283130,55.4,0.14,55.26,12719.1,5123.3,37
0400000US06,6,California,5001300US0638,638,California - Congressional District 38 (113th Congress),Congressional District 38 (113th Congress),702905,212990,102.94,1.48,101.46,6927.9,2099.3,38
0400000US06,6,California,5001300US0639,639,California - Congressional District 39 (113th Congress),Congressional District 39 (113th Congress),702905,232699,205.59,1.2,204.4,3438.9,1138.5,39
0400000US06,6,California,5001300US0640,640,California - Congressional District 40 (113th Congress),Congressional District 40 (113th Congress),702904,184674,58.36,0.67,57.69,12184.9,3201.3,40
0400000US06,6,California,5001300US0641,641,California - Congressional District 41 (113th Congress),Congressional District 41 (113th Congress),702904,210513,318.2,1.66,316.54,2220.6,665,41
0400000US06,6,California,5001300US0642,642,California - Congressional District 42 (113th Congress),Congressional District 42 (113th Congress),702906,229966,953.22,17.27,935.96,751,245.7,42
0400000US06,6,California,5001300US0643,643,California - Congressional District 43 (113th Congress),Congressional District 43 (113th Congress),702904,244101,72.25,0.21,72.03,9758.3,3388.8,43
0400000US06,6,California,5001300US0644,644,California - Congressional District 44 (113th Congress),Congressional District 44 (113th Congress),702904,192995,105.18,25.82,79.36,8857.2,2431.9,44
0400000US06,6,California,5001300US0645,645,California - Congressional District 45 (113th Congress),Congressional District 45 (113th Congress),702906,264668,332.49,2.1,330.39,2127.5,801.1,45
0400000US06,6,California,5001300US0646,646,California - Congressional District 46 (113th Congress),Congressional District 46 (113th Congress),702906,192488,72.65,0.94,71.72,9801,2684,46
0400000US06,6,California,5001300US0647,647,California - Congressional District 47 (113th Congress),Congressional District 47 (113th Congress),702905,256183,670.39,454.18,216.21,3251,1184.9,47
0400000US06,6,California,5001300US0648,648,California - Congressional District 48 (113th Congress),Congressional District 48 (113th Congress),702906,283380,254.84,109.37,145.47,4831.9,1948,48
0400000US06,6,California,5001300US0649,649,California - Congressional District 49 (113th Congress),Congressional District 49 (113th Congress),702906,265952,750.94,197.86,553.08,1270.9,480.9,49
0400000US06,6,California,5001300US0650,650,California - Congressional District 50 (113th Congress),Congressional District 50 (113th Congress),702905,255237,2804.22,16.87,2787.35,252.2,91.6,50
0400000US06,6,California,5001300US0651,651,California - Congressional District 51 (113th Congress),Congressional District 51 (113th Congress),702906,214885,5127.76,336.15,4791.61,146.7,44.8,51
0400000US06,6,California,5001300US0652,652,California - Congressional District 52 (113th Congress),Congressional District 52 (113th Congress),702904,297938,381.62,114.62,267,2632.6,1115.9,52
0400000US06,6,California,5001300US0653,653,California - Congressional District 53 (113th Congress),Congressional District 53 (113th Congress),702904,279077,138.07,2.64,135.43,5190.3,2060.7,53
0400000US08,8,Colorado,5001300US0801,801,Colorado - Congressional District 1 (113th Congress),Congressional District 1 (113th Congress),718457,337016,192.33,2.71,189.62,3788.9,1777.3,1
0400000US08,8,Colorado,5001300US0802,802,Colorado - Congressional District 2 (113th Congress),Congressional District 2 (113th Congress),718457,351593,7626.56,91.22,7535.34,95.3,46.7,2
0400000US08,8,Colorado,5001300US0803,803,Colorado - Congressional District 3 (113th Congress),Congressional District 3 (113th Congress),718457,356830,49879.69,147.92,49731.77,14.4,7.2,3
0400000US08,8,Colorado,5001300US0804,804,Colorado - Congressional District 4 (113th Congress),Congressional District 4 (113th Congress),718456,285536,38270.85,168.17,38102.67,18.9,7.5,4
0400000US08,8,Colorado,5001300US0805,805,Colorado - Congressional District 5 (113th Congress),Congressional District 5 (113th Congress),718457,304436,7289.38,23.66,7265.72,98.9,41.9,5
0400000US08,8,Colorado,5001300US0806,806,Colorado - Congressional District 6 (113th Congress),Congressional District 6 (113th Congress),718456,283518,483.04,8.37,474.66,1513.6,597.3,6
0400000US08,8,Colorado,5001300US0807,807,Colorado - Congressional District 7 (113th Congress),Congressional District 7 (113th Congress),718456,293969,351.83,9.72,342.11,2100.1,859.3,7
0400000US09,9,Connecticut,5001300US0901,901,Connecticut - Congressional District 1 (113th Congress),Congressional District 1 (113th Congress),714820,303136,695.29,19.84,675.45,1058.3,448.8,1
0400000US09,9,Connecticut,5001300US0902,902,Connecticut - Congressional District 2 (113th Congress),Congressional District 2 (113th Congress),714819,301115,2102.89,115.21,1987.68,359.6,151.5,2
0400000US09,9,Connecticut,5001300US0903,903,Connecticut - Congressional District 3 (113th Congress),Congressional District 3 (113th Congress),714819,301132,496.82,26.48,470.34,1519.8,640.2,3
0400000US09,9,Connecticut,5001300US0904,904,Connecticut - Congressional District 4 (113th Congress),Congressional District 4 (113th Congress),714819,281357,543.57,82.84,460.73,1551.5,610.7,4
0400000US09,9,Connecticut,5001300US0905,905,Connecticut - Congressional District 5 (113th Congress),Congressional District 5 (113th Congress),714820,301151,1281.93,33.77,1248.16,572.7,241.3,5
0400000US10,10,Delaware,5001300US1000,1000,Delaware - Congressional District (at Large) (113th Congress),Congressional District (at Large) (113th Congress),897934,405885,2488.72,540.18,1948.54,460.8,208.3,1
0400000US12,12,Florida,5001300US1201,1201,Florida - Congressional District 1 (113th Congress),Congressional District 1 (113th Congress),696345,344454,4758.8,742.49,4016.3,173.4,85.8,1
0400000US12,12,Florida,5001300US1202,1202,Florida - Congressional District 2 (113th Congress),Congressional District 2 (113th Congress),696345,337846,10075.72,1462.13,8613.58,80.8,39.2,2
0400000US12,12,Florida,5001300US1203,1203,Florida - Congressional District 3 (113th Congress),Congressional District 3 (113th Congress),696345,305242,7864.04,557.99,7306.05,95.3,41.8,3
0400000US12,12,Florida,5001300US1204,1204,Florida - Congressional District 4 (113th Congress),Congressional District 4 (113th Congress),696345,310270,2103.19,227.22,1875.97,371.2,165.4,4
0400000US12,12,Florida,5001300US1205,1205,Florida - Congressional District 5 (113th Congress),Congressional District 5 (113th Congress),696345,304609,1535.79,180.76,1355.03,513.9,224.8,5
0400000US12,12,Florida,5001300US1206,1206,Florida - Congressional District 6 (113th Congress),Congressional District 6 (113th Congress),696345,361690,3198.08,691.16,2506.92,277.8,144.3,6
0400000US12,12,Florida,5001300US1207,1207,Florida - Congressional District 7 (113th Congress),Congressional District 7 (113th Congress),696345,298330,578.25,64.67,513.58,1355.9,580.9,7
0400000US12,12,Florida,5001300US1208,1208,Florida - Congressional District 8 (113th Congress),Congressional District 8 (113th Congress),696344,352173,2412.02,659.96,1752.06,397.4,201,8
0400000US12,12,Florida,5001300US1209,1209,Florida - Congressional District 9 (113th Congress),Congressional District 9 (113th Congress),696345,306756,1908.4,200.91,1707.49,407.8,179.7,9
0400000US12,12,Florida,5001300US1210,1210,Florida - Congressional District 10 (113th Congress),Congressional District 10 (113th Congress),696345,334776,1399.52,270.2,1129.32,616.6,296.4,10
0400000US12,12,Florida,5001300US1211,1211,Florida - Congressional District 11 (113th Congress),Congressional District 11 (113th Congress),696345,357377,2910.7,400.82,2509.88,277.4,142.4,11
0400000US12,12,Florida,5001300US1212,1212,Florida - Congressional District 12 (113th Congress),Congressional District 12 (113th Congress),696344,337234,1068.23,184.48,883.75,787.9,381.6,12
0400000US12,12,Florida,5001300US1213,1213,Florida - Congressional District 13 (113th Congress),Congressional District 13 (113th Congress),696345,390233,417.98,231.95,186.03,3743.2,2097.7,13
0400000US12,12,Florida,5001300US1214,1214,Florida - Congressional District 14 (113th Congress),Congressional District 14 (113th Congress),696345,327198,522.59,257.2,265.4,2623.8,1232.9,14
0400000US12,12,Florida,5001300US1215,1215,Florida - Congressional District 15 (113th Congress),Congressional District 15 (113th Congress),696345,292755,874.77,56.25,818.51,850.7,357.7,15
0400000US12,12,Florida,5001300US1216,1216,Florida - Congressional District 16 (113th Congress),Congressional District 16 (113th Congress),696345,399077,1193.45,318.11,875.33,795.5,455.9,16
0400000US12,12,Florida,5001300US1217,1217,Florida - Congressional District 17 (113th Congress),Congressional District 17 (113th Congress),696344,356050,7092.23,722.26,6369.97,109.3,55.9,17
0400000US12,12,Florida,5001300US1218,1218,Florida - Congressional District 18 (113th Congress),Congressional District 18 (113th Congress),696344,361695,1890.74,378.2,1512.55,460.4,239.1,18
0400000US12,12,Florida,5001300US1219,1219,Florida - Congressional District 19 (113th Congress),Congressional District 19 (113th Congress),696345,445670,1367.09,616.72,750.37,928,593.9,19
0400000US12,12,Florida,5001300US1220,1220,Florida - Congressional District 20 (113th Congress),Congressional District 20 (113th Congress),696345,298997,2698.08,270.66,2427.42,286.9,123.2,20
0400000US12,12,Florida,5001300US1221,1221,Florida - Congressional District 21 (113th Congress),Congressional District 21 (113th Congress),696345,326757,264.33,3.36,260.97,2668.3,1252.1,21
0400000US12,12,Florida,5001300US1222,1222,Florida - Congressional District 22 (113th Congress),Congressional District 22 (113th Congress),696345,398676,359.62,186.74,172.88,4028,2306.1,22
0400000US12,12,Florida,5001300US1223,1223,Florida - Congressional District 23 (113th Congress),Congressional District 23 (113th Congress),696345,369815,283.4,114.3,169.1,4118,2187,23
0400000US12,12,Florida,5001300US1224,1224,Florida - Congressional District 24 (113th Congress),Congressional District 24 (113th Congress),696345,273068,120.34,14.26,106.08,6564.2,2574.1,24
0400000US12,12,Florida,5001300US1225,1225,Florida - Congressional District 25 (113th Congress),Congressional District 25 (113th Congress),696344,259457,3382.62,149.91,3232.71,215.4,80.3,25
0400000US12,12,Florida,5001300US1226,1226,Florida - Congressional District 26 (113th Congress),Congressional District 26 (113th Congress),696345,261668,4899.95,2801.29,2098.66,331.8,124.7,26
0400000US12,12,Florida,5001300US1227,1227,Florida - Congressional District 27 (113th Congress),Congressional District 27 (113th Congress),696345,277707,577.78,368.94,208.84,3334.3,1329.8,27
0400000US13,13,Georgia,5001300US1301,1301,Georgia - Congressional District 1 (113th Congress),Congressional District 1 (113th Congress),691974,307261,8930.34,947.52,7982.81,86.7,38.5,1
0400000US13,13,Georgia,5001300US1302,1302,Georgia - Congressional District 2 (113th Congress),Congressional District 2 (113th Congress),691976,299501,9799.91,173.67,9626.23,71.9,31.1,2
0400000US13,13,Georgia,5001300US1303,1303,Georgia - Congressional District 3 (113th Congress),Congressional District 3 (113th Congress),691974,281651,3919.34,81.08,3838.27,180.3,73.4,3
0400000US13,13,Georgia,5001300US1304,1304,Georgia - Congressional District 4 (113th Congress),Congressional District 4 (113th Congress),691976,278237,505.5,8.9,496.6,1393.4,560.3,4
0400000US13,13,Georgia,5001300US1305,1305,Georgia - Congressional District 5 (113th Congress),Congressional District 5 (113th Congress),691976,344339,266.88,1.98,264.91,2612.2,1299.9,5
0400000US13,13,Georgia,5001300US1306,1306,Georgia - Congressional District 6 (113th Congress),Congressional District 6 (113th Congress),691975,290257,304.27,5.51,298.76,2316.2,971.5,6
0400000US13,13,Georgia,5001300US1307,1307,Georgia - Congressional District 7 (113th Congress),Congressional District 7 (113th Congress),691975,251963,402.57,9.96,392.61,1762.5,641.8,7
0400000US13,13,Georgia,5001300US1308,1308,Georgia - Congressional District 8 (113th Congress),Congressional District 8 (113th Congress),691976,293788,8853.79,142.15,8711.64,79.4,33.7,8
0400000US13,13,Georgia,5001300US1309,1309,Georgia - Congressional District 9 (113th Congress),Congressional District 9 (113th Congress),691975,318052,5370.35,159.55,5210.81,132.8,61,9
0400000US13,13,Georgia,5001300US1310,1310,Georgia - Congressional District 10 (113th Congress),Congressional District 10 (113th Congress),691976,288707,7275.82,179.6,7096.22,97.5,40.7,10
0400000US13,13,Georgia,5001300US1311,1311,Georgia - Congressional District 11 (113th Congress),Congressional District 11 (113th Congress),691975,286694,1097.95,26.7,1071.25,646,267.6,11
0400000US13,13,Georgia,5001300US1312,1312,Georgia - Congressional District 12 (113th Congress),Congressional District 12 (113th Congress),691975,291074,8331.04,145.77,8185.27,84.5,35.6,12
0400000US13,13,Georgia,5001300US1313,1313,Georgia - Congressional District 13 (113th Congress),Congressional District 13 (113th Congress),691976,278101,724.23,9.27,714.95,967.9,389,13
0400000US13,13,Georgia,5001300US1314,1314,Georgia - Congressional District 14 (113th Congress),Congressional District 14 (113th Congress),691974,279176,3643.16,20,3623.16,191,77.1,14
0400000US15,15,Hawaii,5001300US1501,1501,Hawaii - Congressional District 1 (113th Congress),Congressional District 1 (113th Congress),680496,252988,385.39,176.16,209.22,3252.5,1209.2,1
0400000US15,15,Hawaii,5001300US1502,1502,Hawaii - Congressional District 2 (113th Congress),Congressional District 2 (113th Congress),679805,266520,10546.33,4332.93,6213.4,109.4,42.9,2
0400000US16,16,Idaho,5001300US1601,1601,Idaho - Congressional District 1 (113th Congress),Congressional District 1 (113th Congress),784132,336311,39926.24,508.22,39418.02,19.9,8.5,1
0400000US16,16,Idaho,5001300US1602,1602,Idaho - Congressional District 2 (113th Congress),Congressional District 2 (113th Congress),783450,331485,43642.71,417.61,43225.1,18.1,7.7,2
0400000US17,17,Illinois,5001300US1701,1701,Illinois - Congressional District 1 (113th Congress),Congressional District 1 (113th Congress),712813,297917,259.23,0.85,258.38,2758.8,1153,1
0400000US17,17,Illinois,5001300US1702,1702,Illinois - Congressional District 2 (113th Congress),Congressional District 2 (113th Congress),712813,290567,1090.52,9.86,1080.67,659.6,268.9,2
0400000US17,17,Illinois,5001300US1703,1703,Illinois - Congressional District 3 (113th Congress),Congressional District 3 (113th Congress),712813,262644,242.05,4.87,237.18,3005.4,1107.4,3
0400000US17,17,Illinois,5001300US1704,1704,Illinois - Congressional District 4 (113th Congress),Congressional District 4 (113th Congress),712813,246240,52.8,0.35,52.45,13589.1,4694.3,4
0400000US17,17,Illinois,5001300US1705,1705,Illinois - Congressional District 5 (113th Congress),Congressional District 5 (113th Congress),712813,333287,96.34,0.63,95.71,7447.9,3482.4,5
0400000US17,17,Illinois,5001300US1706,1706,Illinois - Congressional District 6 (113th Congress),Congressional District 6 (113th Congress),712813,274311,389.39,10.61,378.78,1881.9,724.2,6
0400000US17,17,Illinois,5001300US1707,1707,Illinois - Congressional District 7 (113th Congress),Congressional District 7 (113th Congress),712812,340560,64.37,1.85,62.52,11401.9,5447.5,7
0400000US17,17,Illinois,5001300US1708,1708,Illinois - Congressional District 8 (113th Congress),Congressional District 8 (113th Congress),712812,270981,209.68,4.16,205.52,3468.4,1318.5,8
0400000US17,17,Illinois,5001300US1709,1709,Illinois - Congressional District 9 (113th Congress),Congressional District 9 (113th Congress),712813,316729,105.94,0.59,105.35,6766.2,3006.5,9
0400000US17,17,Illinois,5001300US1710,1710,Illinois - Congressional District 10 (113th Congress),Congressional District 10 (113th Congress),712813,266294,312.05,12.26,299.78,2377.8,888.3,10
0400000US17,17,Illinois,5001300US1711,1711,Illinois - Congressional District 11 (113th Congress),Congressional District 11 (113th Congress),712813,259245,286.45,5.51,280.95,2537.2,922.8,11
0400000US17,17,Illinois,5001300US1712,1712,Illinois - Congressional District 12 (113th Congress),Congressional District 12 (113th Congress),712813,315626,5186.9,178.7,5008.21,142.3,63,12
0400000US17,17,Illinois,5001300US1713,1713,Illinois - Congressional District 13 (113th Congress),Congressional District 13 (113th Congress),712813,316746,5877,83.36,5793.65,123,54.7,13
0400000US17,17,Illinois,5001300US1714,1714,Illinois - Congressional District 14 (113th Congress),Congressional District 14 (113th Congress),712813,262535,1621.73,24.14,1597.6,446.2,164.3,14
0400000US17,17,Illinois,5001300US1715,1715,Illinois - Congressional District 15 (113th Congress),Congressional District 15 (113th Congress),712813,315081,14832.42,136.75,14695.67,48.5,21.4,15
0400000US17,17,Illinois,5001300US1716,1716,Illinois - Congressional District 16 (113th Congress),Congressional District 16 (113th Congress),712813,298184,7987.31,69.82,7917.49,90,37.7,16
0400000US17,17,Illinois,5001300US1717,1717,Illinois - Congressional District 17 (113th Congress),Congressional District 17 (113th Congress),712813,321366,7063.81,130.72,6933.08,102.8,46.4,17
0400000US17,17,Illinois,5001300US1718,1718,Illinois - Congressional District 18 (113th Congress),Congressional District 18 (113th Congress),712813,308402,10663.63,147.68,10515.96,67.8,29.3,18
0400000US18,18,Indiana,5001300US1801,1801,Indiana - Congressional District 1 (113th Congress),Congressional District 1 (113th Congress),720422,301281,1398.16,241.14,1157.02,622.7,260.4,1
0400000US18,18,Indiana,5001300US1802,1802,Indiana - Congressional District 2 (113th Congress),Congressional District 2 (113th Congress),720423,305612,4009.64,51.06,3958.58,182,77.2,2
0400000US18,18,Indiana,5001300US1803,1803,Indiana - Congressional District 3 (113th Congress),Congressional District 3 (113th Congress),720423,311038,4232.47,52.1,4180.37,172.3,74.4,3
0400000US18,18,Indiana,5001300US1804,1804,Indiana - Congressional District 4 (113th Congress),Congressional District 4 (113th Congress),720422,301675,6378.78,26.23,6352.55,113.4,47.5,4
0400000US18,18,Indiana,5001300US1805,1805,Indiana - Congressional District 5 (113th Congress),Congressional District 5 (113th Congress),720423,309260,1940.63,15.86,1924.76,374.3,160.7,5
0400000US18,18,Indiana,5001300US1806,1806,Indiana - Congressional District 6 (113th Congress),Congressional District 6 (113th Congress),720422,310795,6248,41.17,6206.83,116.1,50.1,6
0400000US18,18,Indiana,5001300US1807,1807,Indiana - Congressional District 7 (113th Congress),Congressional District 7 (113th Congress),720423,330392,305.75,1.9,303.84,2371,1087.4,7
0400000US18,18,Indiana,5001300US1808,1808,Indiana - Congressional District 8 (113th Congress),Congressional District 8 (113th Congress),720422,316394,7362.99,107.6,7255.39,99.3,43.6,8
0400000US18,18,Indiana,5001300US1809,1809,Indiana - Congressional District 9 (113th Congress),Congressional District 9 (113th Congress),720422,309094,4543.14,56.37,4486.77,160.6,68.9,9
0400000US19,19,Iowa,5001300US1901,1901,Iowa - Congressional District 1 (113th Congress),Congressional District 1 (113th Congress),761548,331885,12137.24,88.4,12048.84,63.2,27.5,1
0400000US19,19,Iowa,5001300US1902,1902,Iowa - Congressional District 2 (113th Congress),Congressional District 2 (113th Congress),761624,334688,12428.57,166.65,12261.92,62.1,27.3,2
0400000US19,19,Iowa,5001300US1903,1903,Iowa - Congressional District 3 (113th Congress),Congressional District 3 (113th Congress),761612,325449,8848.77,59.15,8789.62,86.6,37,3
0400000US19,19,Iowa,5001300US1904,1904,Iowa - Congressional District 4 (113th Congress),Congressional District 4 (113th Congress),761571,344395,22858.23,101.48,22756.75,33.5,15.1,4
0400000US20,20,Kansas,5001300US2001,2001,Kansas - Congressional District 1 (113th Congress),Congressional District 1 (113th Congress),713278,314398,52772,229.5,52542.5,13.6,6,1
0400000US20,20,Kansas,5001300US2002,2002,Kansas - Congressional District 2 (113th Congress),Congressional District 2 (113th Congress),713272,313395,14348.04,204.7,14143.34,50.4,22.2,2
0400000US20,20,Kansas,5001300US2003,2003,Kansas - Congressional District 3 (113th Congress),Congressional District 3 (113th Congress),713287,297749,770.11,12.91,757.2,942,393.2,3
0400000US20,20,Kansas,5001300US2004,2004,Kansas - Congressional District 4 (113th Congress),Congressional District 4 (113th Congress),713281,307673,14388.22,72.54,14315.68,49.8,21.5,4
0400000US21,21,Kentucky,5001300US2101,2101,Kentucky - Congressional District 1 (113th Congress),Congressional District 1 (113th Congress),723178,331737,12552.85,473.34,12079.5,59.9,27.5,1
0400000US21,21,Kentucky,5001300US2102,2102,Kentucky - Congressional District 2 (113th Congress),Congressional District 2 (113th Congress),723137,311825,7334.35,156.9,7177.44,100.8,43.4,2
0400000US21,21,Kentucky,5001300US2103,2103,Kentucky - Congressional District 3 (113th Congress),Congressional District 3 (113th Congress),723171,330796,335.42,16.08,319.34,2264.6,1035.9,3
0400000US21,21,Kentucky,5001300US2104,2104,Kentucky - Congressional District 4 (113th Congress),Congressional District 4 (113th Congress),723450,302009,4491.21,109.02,4382.19,165.1,68.9,4
0400000US21,21,Kentucky,5001300US2105,2105,Kentucky - Congressional District 5 (113th Congress),Congressional District 5 (113th Congress),723228,327690,11354.93,119.79,11235.15,64.4,29.2,5
0400000US21,21,Kentucky,5001300US2106,2106,Kentucky - Congressional District 6 (113th Congress),Congressional District 6 (113th Congress),723203,323107,4339.04,46.32,4292.72,168.5,75.3,6
0400000US22,22,Louisiana,5001300US2201,2201,Louisiana - Congressional District 1 (113th Congress),Congressional District 1 (113th Congress),755445,328182,9628.8,5598.57,4030.23,187.4,81.4,1
0400000US22,22,Louisiana,5001300US2202,2202,Louisiana - Congressional District 2 (113th Congress),Congressional District 2 (113th Congress),755538,346109,1470.19,201.71,1268.48,595.6,272.9,2
0400000US22,22,Louisiana,5001300US2203,2203,Louisiana - Congressional District 3 (113th Congress),Congressional District 3 (113th Congress),755596,319234,9143.95,2160.64,6983.32,108.2,45.7,3
0400000US22,22,Louisiana,5001300US2204,2204,Louisiana - Congressional District 4 (113th Congress),Congressional District 4 (113th Congress),755605,334836,12863.91,428.81,12435.1,60.8,26.9,4
0400000US22,22,Louisiana,5001300US2205,2205,Louisiana - Congressional District 5 (113th Congress),Congressional District 5 (113th Congress),755581,322227,14883.64,430.75,14452.88,52.3,22.3,5
0400000US22,22,Louisiana,5001300US2206,2206,Louisiana - Congressional District 6 (113th Congress),Congressional District 6 (113th Congress),755607,314393,4387.65,353.76,4033.89,187.3,77.9,6
0400000US23,23,Maine,5001300US2301,2301,Maine - Congressional District 1 (113th Congress),Congressional District 1 (113th Congress),664180,346862,5114.23,1828.71,3285.52,202.2,105.6,1
0400000US23,23,Maine,5001300US2302,2302,Maine - Congressional District 2 (113th Congress),Congressional District 2 (113th Congress),664181,374968,30265.52,2708.11,27557.41,24.1,13.6,2
0400000US24,24,Maryland,5001300US2401,2401,Maryland - Congressional District 1 (113th Congress),Congressional District 1 (113th Congress),722650,333345,5535.17,1558.11,3977.06,181.7,83.8,1
0400000US24,24,Maryland,5001300US2402,2402,Maryland - Congressional District 2 (113th Congress),Congressional District 2 (113th Congress),723447,297086,518.98,170.11,348.88,2073.7,851.6,2
0400000US24,24,Maryland,5001300US2403,2403,Maryland - Congressional District 3 (113th Congress),Congressional District 3 (113th Congress),720094,306516,401.87,97.73,304.14,2367.7,1007.8,3
0400000US24,24,Maryland,5001300US2404,2404,Maryland - Congressional District 4 (113th Congress),Congressional District 4 (113th Congress),720065,281682,316.46,18.66,297.81,2417.9,945.9,4
0400000US24,24,Maryland,5001300US2405,2405,Maryland - Congressional District 5 (113th Congress),Congressional District 5 (113th Congress),720472,269177,2280.55,799.31,1481.24,486.4,181.7,5
0400000US24,24,Maryland,5001300US2406,2406,Maryland - Congressional District 6 (113th Congress),Congressional District 6 (113th Congress),728448,290179,1989.68,39.42,1950.26,373.5,148.8,6
0400000US24,24,Maryland,5001300US2407,2407,Maryland - Congressional District 7 (113th Congress),Congressional District 7 (113th Congress),716862,314994,493.93,5.9,488.03,1468.9,645.4,7
0400000US24,24,Maryland,5001300US2408,2408,Maryland - Congressional District 8 (113th Congress),Congressional District 8 (113th Congress),721514,285835,869.3,9.46,859.85,839.1,332.4,8
0400000US25,25,Massachusetts,5001300US2501,2501,Massachusetts - Congressional District 1 (113th Congress),Congressional District 1 (113th Congress),727515,318798,2400.28,49.99,2350.29,309.5,135.6,1
0400000US25,25,Massachusetts,5001300US2502,2502,Massachusetts - Congressional District 2 (113th Congress),Congressional District 2 (113th Congress),727514,296272,1713.61,85.61,1628,446.9,182,2
0400000US25,25,Massachusetts,5001300US2503,2503,Massachusetts - Congressional District 3 (113th Congress),Congressional District 3 (113th Congress),727514,287552,787.18,29.32,757.86,960,379.4,3
0400000US25,25,Massachusetts,5001300US2504,2504,Massachusetts - Congressional District 4 (113th Congress),Congressional District 4 (113th Congress),727514,285970,701.68,33.41,668.27,1088.7,427.9,4
0400000US25,25,Massachusetts,5001300US2505,2505,Massachusetts - Congressional District 5 (113th Congress),Congressional District 5 (113th Congress),727515,306589,287.69,22.61,265.08,2744.5,1156.6,5
0400000US25,25,Massachusetts,5001300US2506,2506,Massachusetts - Congressional District 6 (113th Congress),Congressional District 6 (113th Congress),727515,299834,860.43,333.64,526.79,1381,569.2,6
0400000US25,25,Massachusetts,5001300US2507,2507,Massachusetts - Congressional District 7 (113th Congress),Congressional District 7 (113th Congress),727514,304121,100.34,37.67,62.67,11608.5,4852.7,7
0400000US25,25,Massachusetts,5001300US2508,2508,Massachusetts - Congressional District 8 (113th Congress),Congressional District 8 (113th Congress),727514,311169,499.22,172.84,326.37,2229.1,953.4,8
0400000US25,25,Massachusetts,5001300US2509,2509,Massachusetts - Congressional District 9 (113th Congress),Congressional District 9 (113th Congress),727514,397949,3203.97,1989.23,1214.74,598.9,327.6,9
0400000US26,26,Michigan,5001300US2601,2601,Michigan - Congressional District 1 (113th Congress),Congressional District 1 (113th Congress),705974,442788,54288.66,29260.9,25027.75,28.2,17.7,1
0400000US26,26,Michigan,5001300US2602,2602,Michigan - Congressional District 2 (113th Congress),Congressional District 2 (113th Congress),705975,312606,6165.93,2884.74,3281.19,215.2,95.3,2
0400000US26,26,Michigan,5001300US2603,2603,Michigan - Congressional District 3 (113th Congress),Congressional District 3 (113th Congress),705974,293955,2698.17,69.43,2628.74,268.6,111.8,3
0400000US26,26,Michigan,5001300US2604,2604,Michigan - Congressional District 4 (113th Congress),Congressional District 4 (113th Congress),705974,345603,8659.27,201.47,8457.8,83.5,40.9,4
0400000US26,26,Michigan,5001300US2605,2605,Michigan - Congressional District 5 (113th Congress),Congressional District 5 (113th Congress),705975,329862,4215.84,1867.14,2348.7,300.6,140.4,5
0400000US26,26,Michigan,5001300US2606,2606,Michigan - Congressional District 6 (113th Congress),Congressional District 6 (113th Congress),705974,325697,5117.42,1570.68,3546.74,199,91.8,6
0400000US26,26,Michigan,5001300US2607,2607,Michigan - Congressional District 7 (113th Congress),Congressional District 7 (113th Congress),705974,303743,4431.23,203.5,4227.73,167,71.8,7
0400000US26,26,Michigan,5001300US2608,2608,Michigan - Congressional District 8 (113th Congress),Congressional District 8 (113th Congress),705975,292094,1541.64,38.47,1503.18,469.7,194.3,8
0400000US26,26,Michigan,5001300US2609,2609,Michigan - Congressional District 9 (113th Congress),Congressional District 9 (113th Congress),705975,318130,188.74,5.16,183.59,3845.4,1732.9,9
0400000US26,26,Michigan,5001300US2610,2610,Michigan - Congressional District 10 (113th Congress),Congressional District 10 (113th Congress),705974,305285,6242.4,2101.96,4140.44,170.5,73.7,10
0400000US26,26,Michigan,5001300US2611,2611,Michigan - Congressional District 11 (113th Congress),Congressional District 11 (113th Congress),705974,299003,440.65,21.38,419.26,1683.9,713.2,11
0400000US26,26,Michigan,5001300US2612,2612,Michigan - Congressional District 12 (113th Congress),Congressional District 12 (113th Congress),705974,302127,430.89,27.68,403.21,1750.9,749.3,12
0400000US26,26,Michigan,5001300US2613,2613,Michigan - Congressional District 13 (113th Congress),Congressional District 13 (113th Congress),705974,336822,186.96,2.11,184.85,3819.2,1822.2,13
0400000US26,26,Michigan,5001300US2614,2614,Michigan - Congressional District 14 (113th Congress),Congressional District 14 (113th Congress),705974,324518,223.37,37.64,185.73,3801,1747.2,14
0400000US27,27,Minnesota,5001300US2701,2701,Minnesota - Congressional District 1 (113th Congress),Congressional District 1 (113th Congress),662991,282251,12183.02,209.03,11973.99,55.4,23.6,1
0400000US27,27,Minnesota,5001300US2702,2702,Minnesota - Congressional District 2 (113th Congress),Congressional District 2 (113th Congress),662991,260665,2532.11,94.19,2437.91,272,106.9,2
0400000US27,27,Minnesota,5001300US2703,2703,Minnesota - Congressional District 3 (113th Congress),Congressional District 3 (113th Congress),662990,274712,582.96,55.92,527.05,1257.9,521.2,3
0400000US27,27,Minnesota,5001300US2704,2704,Minnesota - Congressional District 4 (113th Congress),Congressional District 4 (113th Congress),662990,276982,365.18,32.69,332.49,1994,833.1,4
0400000US27,27,Minnesota,5001300US2705,2705,Minnesota - Congressional District 5 (113th Congress),Congressional District 5 (113th Congress),662991,305293,142.11,6.44,135.66,4887.1,2250.4,5
0400000US27,27,Minnesota,5001300US2706,2706,Minnesota - Congressional District 6 (113th Congress),Congressional District 6 (113th Congress),662990,255120,3038.33,156.12,2882.22,230,88.5,6
0400000US27,27,Minnesota,5001300US2707,2707,Minnesota - Congressional District 7 (113th Congress),Congressional District 7 (113th Congress),662991,324639,35377.43,1948.12,33429.31,19.8,9.7,7
0400000US27,27,Minnesota,5001300US2708,2708,Minnesota - Congressional District 8 (113th Congress),Congressional District 8 (113th Congress),662991,367539,32714.69,4806.57,27908.13,23.8,13.2,8
0400000US28,28,Mississippi,5001300US2801,2801,Mississippi - Congressional District 1 (113th Congress),Congressional District 1 (113th Congress),741837,318315,10730.89,158.09,10572.8,70.2,30.1,1
0400000US28,28,Mississippi,5001300US2802,2802,Mississippi - Congressional District 2 (113th Congress),Congressional District 2 (113th Congress),741862,308184,15922.63,371.12,15551.51,47.7,19.8,2
0400000US28,28,Mississippi,5001300US2803,2803,Mississippi - Congressional District 3 (113th Congress),Congressional District 3 (113th Congress),741822,323141,12886.43,131.95,12754.48,58.2,25.3,3
0400000US28,28,Mississippi,5001300US2804,2804,Mississippi - Congressional District 4 (113th Congress),Congressional District 4 (113th Congress),741776,325079,8891.83,847.34,8044.48,92.2,40.4,4
0400000US29,29,Missouri,5001300US2901,2901,Missouri - Congressional District 1 (113th Congress),Congressional District 1 (113th Congress),748616,368862,235.84,10.48,225.36,3321.9,1636.8,1
0400000US29,29,Missouri,5001300US2902,2902,Missouri - Congressional District 2 (113th Congress),Congressional District 2 (113th Congress),748616,315128,480.22,14.46,465.76,1607.3,676.6,2
0400000US29,29,Missouri,5001300US2903,2903,Missouri - Congressional District 3 (113th Congress),Congressional District 3 (113th Congress),748615,329163,6993.71,142.16,6851.55,109.3,48,3
0400000US29,29,Missouri,5001300US2904,2904,Missouri - Congressional District 4 (113th Congress),Congressional District 4 (113th Congress),748616,340633,14693.76,292.38,14401.38,52,23.7,4
0400000US29,29,Missouri,5001300US2905,2905,Missouri - Congressional District 5 (113th Congress),Congressional District 5 (113th Congress),748616,351540,2459.88,35.03,2424.85,308.7,145,5
0400000US29,29,Missouri,5001300US2906,2906,Missouri - Congressional District 6 (113th Congress),Congressional District 6 (113th Congress),748616,325929,18402.07,203.45,18198.62,41.1,17.9,6
0400000US29,29,Missouri,5001300US2907,2907,Missouri - Congressional District 7 (113th Congress),Congressional District 7 (113th Congress),748616,342340,6368.77,95.93,6272.84,119.3,54.6,7
0400000US29,29,Missouri,5001300US2908,2908,Missouri - Congressional District 8 (113th Congress),Congressional District 8 (113th Congress),748616,339134,20072.75,171.58,19901.17,37.6,17,8
0400000US30,30,Montana,5001300US3000,3000,Montana - Congressional District (at Large) (113th Congress),Congressional District (at Large) (113th Congress),989415,482825,147039.71,1493.91,145545.8,6.8,3.3,1
0400000US31,31,Nebraska,5001300US3101,3101,Nebraska - Congressional District 1 (113th Congress),Congressional District 1 (113th Congress),608780,259643,8975.25,96.22,8879.02,68.6,29.2,1
0400000US31,31,Nebraska,5001300US3102,3102,Nebraska - Congressional District 2 (113th Congress),Congressional District 2 (113th Congress),608781,253982,526.54,16.8,509.74,1194.3,498.3,2
0400000US31,31,Nebraska,5001300US3103,3103,Nebraska - Congressional District 3 (113th Congress),Congressional District 3 (113th Congress),608780,283168,67846.02,410.61,67435.41,9,4.2,3
0400000US32,32,Nevada,5001300US3201,3201,Nevada - Congressional District 1 (113th Congress),Congressional District 1 (113th Congress),675138,299748,104.51,0.01,104.5,6460.6,2868.4,1
0400000US32,32,Nevada,5001300US3202,3202,Nevada - Congressional District 2 (113th Congress),Congressional District 2 (113th Congress),675138,295666,56337.88,508.17,55829.72,12.1,5.3,2
0400000US32,32,Nevada,5001300US3203,3203,Nevada - Congressional District 3 (113th Congress),Congressional District 3 (113th Congress),675138,304739,2888.52,39.53,2848.99,237,107,3
0400000US32,32,Nevada,5001300US3204,3204,Nevada - Congressional District 4 (113th Congress),Congressional District 4 (113th Congress),675137,273661,51240.91,242.94,50997.97,13.2,5.4,4
0400000US33,33,New Hampshire,5001300US3301,3301,New Hampshire - Congressional District 1 (113th Congress),Congressional District 1 (113th Congress),658233,311649,2705.29,241.63,2463.65,267.2,126.5,1
0400000US33,33,New Hampshire,5001300US3302,3302,New Hampshire - Congressional District 2 (113th Congress),Congressional District 2 (113th Congress),658237,303105,6643.88,154.88,6489,101.4,46.7,2
0400000US34,34,New Jersey,5001300US3401,3401,New Jersey - Congressional District 1 (113th Congress),Congressional District 1 (113th Congress),732658,292356,370.1,20.08,350.02,2093.2,835.3,1
0400000US34,34,New Jersey,5001300US3402,3402,New Jersey - Congressional District 2 (113th Congress),Congressional District 2 (113th Congress),732658,382406,2876.98,784.55,2092.43,350.1,182.8,2
0400000US34,34,New Jersey,5001300US3403,3403,New Jersey - Congressional District 3 (113th Congress),Congressional District 3 (113th Congress),732658,313302,1139.11,239.42,899.7,814.3,348.2,3
0400000US34,34,New Jersey,5001300US3404,3404,New Jersey - Congressional District 4 (113th Congress),Congressional District 4 (113th Congress),732657,296558,710.76,18.88,691.88,1058.9,428.6,4
0400000US34,34,New Jersey,5001300US3405,3405,New Jersey - Congressional District 5 (113th Congress),Congressional District 5 (113th Congress),732658,281672,1023.68,32.38,991.3,739.1,284.1,5
0400000US34,34,New Jersey,5001300US3406,3406,New Jersey - Congressional District 6 (113th Congress),Congressional District 6 (113th Congress),732657,269750,409.8,194.24,215.55,3399,1251.4,6
0400000US34,34,New Jersey,5001300US3407,3407,New Jersey - Congressional District 7 (113th Congress),Congressional District 7 (113th Congress),732658,278229,988.51,18.32,970.19,755.2,286.8,7
0400000US34,34,New Jersey,5001300US3408,3408,New Jersey - Congressional District 8 (113th Congress),Congressional District 8 (113th Congress),732658,298899,69.06,14.37,54.69,13397.1,5465.5,8
0400000US34,34,New Jersey,5001300US3409,3409,New Jersey - Congressional District 9 (113th Congress),Congressional District 9 (113th Congress),732658,278095,102.82,7.48,95.34,7684.4,2916.8,9
0400000US34,34,New Jersey,5001300US3410,3410,New Jersey - Congressional District 10 (113th Congress),Congressional District 10 (113th Congress),732658,298082,80.89,4.97,75.92,9650.7,3926.4,10
0400000US34,34,New Jersey,5001300US3411,3411,New Jersey - Congressional District 11 (113th Congress),Congressional District 11 (113th Congress),732658,283414,531.52,26.56,504.97,1450.9,561.3,11
0400000US34,34,New Jersey,5001300US3412,3412,New Jersey - Congressional District 12 (113th Congress),Congressional District 12 (113th Congress),732658,280799,419.34,7.11,412.23,1777.3,681.2,12
0400000US35,35,New Mexico,5001300US3501,3501,New Mexico - Congressional District 1 (113th Congress),Congressional District 1 (113th Congress),686393,295859,4607.07,6.94,4600.14,149.2,64.3,1
0400000US35,35,New Mexico,5001300US3502,3502,New Mexico - Congressional District 2 (113th Congress),Congressional District 2 (113th Congress),686393,299218,71901.21,161.72,71739.49,9.6,4.2,2
0400000US35,35,New Mexico,5001300US3503,3503,New Mexico - Congressional District 3 (113th Congress),Congressional District 3 (113th Congress),686393,306311,45082.01,123.49,44958.52,15.3,6.8,3
0400000US36,36,New York,5001300US3601,3601,New York - Congressional District 1 (113th Congress),Congressional District 1 (113th Congress),717707,305330,1947.26,1297.23,650.02,1104.1,469.7,1
0400000US36,36,New York,5001300US3602,3602,New York - Congressional District 2 (113th Congress),Congressional District 2 (113th Congress),717708,242717,326.42,144.4,182.01,3943.2,1333.5,2
0400000US36,36,New York,5001300US3603,3603,New York - Congressional District 3 (113th Congress),Congressional District 3 (113th Congress),717707,264735,371.43,116.5,254.92,2815.4,1038.5,3
0400000US36,36,New York,5001300US3604,3604,New York - Congressional District 4 (113th Congress),Congressional District 4 (113th Congress),717708,249277,175.89,65.04,110.85,6474.4,2248.7,4
0400000US36,36,New York,5001300US3605,3605,New York - Congressional District 5 (113th Congress),Congressional District 5 (113th Congress),717708,240384,123.16,71.28,51.88,13833.9,4633.4,5
0400000US36,36,New York,5001300US3606,3606,New York - Congressional District 6 (113th Congress),Congressional District 6 (113th Congress),717707,287034,30.04,0.26,29.78,24097.5,9637.4,6
0400000US36,36,New York,5001300US3607,3607,New York - Congressional District 7 (113th Congress),Congressional District 7 (113th Congress),717708,261357,17.21,1.05,16.16,44411.3,16172.6,7
0400000US36,36,New York,5001300US3608,3608,New York - Congressional District 8 (113th Congress),Congressional District 8 (113th Congress),717708,296267,47.01,17.35,29.66,24196,9988,8
0400000US36,36,New York,5001300US3609,3609,New York - Congressional District 9 (113th Congress),Congressional District 9 (113th Congress),717708,289512,15.74,0.2,15.54,46185.8,18630.6,9
0400000US36,36,New York,5001300US3610,3610,New York - Congressional District 10 (113th Congress),Congressional District 10 (113th Congress),717707,355921,23.05,8.8,14.25,50373.5,24980.9,10
0400000US36,36,New York,5001300US3611,3611,New York - Congressional District 11 (113th Congress),Congressional District 11 (113th Congress),717708,287112,114.56,48.73,65.83,10901.7,4361.1,11
0400000US36,36,New York,5001300US3612,3612,New York - Congressional District 12 (113th Congress),Congressional District 12 (113th Congress),717707,423447,17.55,2.76,14.79,48537.5,28637.1,12
0400000US36,36,New York,5001300US3613,3613,New York - Congressional District 13 (113th Congress),Congressional District 13 (113th Congress),717707,292123,12.98,2.73,10.25,69993.5,28488.9,13
0400000US36,36,New York,5001300US3614,3614,New York - Congressional District 14 (113th Congress),Congressional District 14 (113th Congress),717708,264164,43.69,15.39,28.29,25366.1,9336.4,14
0400000US36,36,New York,5001300US3615,3615,New York - Congressional District 15 (113th Congress),Congressional District 15 (113th Congress),717708,250300,17,2.46,14.54,49370.4,17217.9,15
0400000US36,36,New York,5001300US3616,3616,New York - Congressional District 16 (113th Congress),Congressional District 16 (113th Congress),717707,290703,107.87,29.49,78.37,9157.4,3709.2,16
0400000US36,36,New York,5001300US3617,3617,New York - Congressional District 17 (113th Congress),Congressional District 17 (113th Congress),717708,258062,440.49,57.86,382.63,1875.7,674.4,17
0400000US36,36,New York,5001300US3618,3618,New York - Congressional District 18 (113th Congress),Congressional District 18 (113th Congress),717707,269830,1416.05,62.63,1353.42,530.3,199.4,18
0400000US36,36,New York,5001300US3619,3619,New York - Congressional District 19 (113th Congress),Congressional District 19 (113th Congress),717708,360677,8103.36,166.34,7937.02,90.4,45.4,19
0400000US36,36,New York,5001300US3620,3620,New York - Congressional District 20 (113th Congress),Congressional District 20 (113th Congress),717708,322497,1263.06,31.79,1231.28,582.9,261.9,20
0400000US36,36,New York,5001300US3621,3621,New York - Congressional District 21 (113th Congress),Congressional District 21 (113th Congress),717707,367001,16404.24,1289.48,15114.76,47.5,24.3,21
0400000US36,36,New York,5001300US3622,3622,New York - Congressional District 22 (113th Congress),Congressional District 22 (113th Congress),717708,321448,5226.87,149.42,5077.45,141.4,63.3,22
0400000US36,36,New York,5001300US3623,3623,New York - Congressional District 23 (113th Congress),Congressional District 23 (113th Congress),717707,339158,7990.37,618.72,7371.65,97.4,46,23
0400000US36,36,New York,5001300US3624,3624,New York - Congressional District 24 (113th Congress),Congressional District 24 (113th Congress),717707,311478,3651.88,1263.32,2388.56,300.5,130.4,24
0400000US36,36,New York,5001300US3625,3625,New York - Congressional District 25 (113th Congress),Congressional District 25 (113th Congress),717707,309700,1217.44,707.25,510.19,1406.7,607,25
0400000US36,36,New York,5001300US3626,3626,New York - Congressional District 26 (113th Congress),Congressional District 26 (113th Congress),717707,343364,232.9,13.76,219.13,3275.2,1566.9,26
0400000US36,36,New York,5001300US3627,3627,New York - Congressional District 27 (113th Congress),Congressional District 27 (113th Congress),717707,304505,5217.48,1244.35,3973.13,180.6,76.6,27
0400000US37,37,North Carolina,5001300US3701,3701,North Carolina - Congressional District 1 (113th Congress),Congressional District 1 (113th Congress),733499,333164,5653.34,159.06,5494.28,133.5,60.6,1
0400000US37,37,North Carolina,5001300US3702,3702,North Carolina - Congressional District 2 (113th Congress),Congressional District 2 (113th Congress),733499,309466,3296.51,49.83,3246.68,225.9,95.3,2
0400000US37,37,North Carolina,5001300US3703,3703,North Carolina - Congressional District 3 (113th Congress),Congressional District 3 (113th Congress),733499,362219,12000.24,4190.16,7810.08,93.9,46.4,3
0400000US37,37,North Carolina,5001300US3704,3704,North Carolina - Congressional District 4 (113th Congress),Congressional District 4 (113th Congress),733498,321730,1067.16,21.8,1045.35,701.7,307.8,4
0400000US37,37,North Carolina,5001300US3705,3705,North Carolina - Congressional District 5 (113th Congress),Congressional District 5 (113th Congress),733499,348223,3596.82,24.96,3571.86,205.4,97.5,5
0400000US37,37,North Carolina,5001300US3706,3706,North Carolina - Congressional District 6 (113th Congress),Congressional District 6 (113th Congress),733499,329505,3731.43,56.88,3674.55,199.6,89.7,6
0400000US37,37,North Carolina,5001300US3707,3707,North Carolina - Congressional District 7 (113th Congress),Congressional District 7 (113th Congress),733498,359416,6596.91,435.15,6161.77,119,58.3,7
0400000US37,37,North Carolina,5001300US3708,3708,North Carolina - Congressional District 8 (113th Congress),Congressional District 8 (113th Congress),733499,309930,4577.37,64.6,4512.78,162.5,68.7,8
0400000US37,37,North Carolina,5001300US3709,3709,North Carolina - Congressional District 9 (113th Congress),Congressional District 9 (113th Congress),733498,309704,901.66,44.73,856.93,856,361.4,9
0400000US37,37,North Carolina,5001300US3710,3710,North Carolina - Congressional District 10 (113th Congress),Congressional District 10 (113th Congress),733499,331175,2614.35,39.18,2575.16,284.8,128.6,10
0400000US37,37,North Carolina,5001300US3711,3711,North Carolina - Congressional District 11 (113th Congress),Congressional District 11 (113th Congress),733499,393824,6912.21,73.97,6838.24,107.3,57.6,11
0400000US37,37,North Carolina,5001300US3712,3712,North Carolina - Congressional District 12 (113th Congress),Congressional District 12 (113th Congress),733499,317689,557.01,7.36,549.66,1334.5,578,12
0400000US37,37,North Carolina,5001300US3713,3713,North Carolina - Congressional District 13 (113th Congress),Congressional District 13 (113th Congress),733498,301483,2314.16,33.57,2280.59,321.6,132.2,13
0400000US38,38,North Dakota,5001300US3800,3800,North Dakota - Congressional District (at Large) (113th Congress),Congressional District (at Large) (113th Congress),672591,317498,70698.32,1697.52,69000.8,9.7,4.6,1
0400000US39,39,Ohio,5001300US3901,3901,Ohio - Congressional District 1 (113th Congress),Congressional District 1 (113th Congress),721032,317854,697.25,10.29,686.96,1049.6,462.7,1
0400000US39,39,Ohio,5001300US3902,3902,Ohio - Congressional District 2 (113th Congress),Congressional District 2 (113th Congress),721031,323362,3251.46,29.84,3221.62,223.8,100.4,2
0400000US39,39,Ohio,5001300US3903,3903,Ohio - Congressional District 3 (113th Congress),Congressional District 3 (113th Congress),721031,330575,232.34,4.34,228,3162.4,1449.9,3
0400000US39,39,Ohio,5001300US3904,3904,Ohio - Congressional District 4 (113th Congress),Congressional District 4 (113th Congress),721032,308098,4712.24,47.37,4664.87,154.6,66,4
0400000US39,39,Ohio,5001300US3905,3905,Ohio - Congressional District 5 (113th Congress),Congressional District 5 (113th Congress),721031,310506,5654.38,27.91,5626.47,128.1,55.2,5
0400000US39,39,Ohio,5001300US3906,3906,Ohio - Congressional District 6 (113th Congress),Congressional District 6 (113th Congress),721032,324955,7292.95,77.92,7215.03,99.9,45,6
0400000US39,39,Ohio,5001300US3907,3907,Ohio - Congressional District 7 (113th Congress),Congressional District 7 (113th Congress),721031,302409,3889.75,25,3864.76,186.6,78.2,7
0400000US39,39,Ohio,5001300US3908,3908,Ohio - Congressional District 8 (113th Congress),Congressional District 8 (113th Congress),721032,300750,2466.08,15.59,2450.49,294.2,122.7,8
0400000US39,39,Ohio,5001300US3909,3909,Ohio - Congressional District 9 (113th Congress),Congressional District 9 (113th Congress),721032,349589,2129.62,1664.97,464.65,1551.8,752.4,9
0400000US39,39,Ohio,5001300US3910,3910,Ohio - Congressional District 10 (113th Congress),Congressional District 10 (113th Congress),721032,333777,1135.67,5.91,1129.76,638.2,295.4,10
0400000US39,39,Ohio,5001300US3911,3911,Ohio - Congressional District 11 (113th Congress),Congressional District 11 (113th Congress),721032,366012,750.57,506.11,244.46,2949.5,1497.2,11
0400000US39,39,Ohio,5001300US3912,3912,Ohio - Congressional District 12 (113th Congress),Congressional District 12 (113th Congress),721031,302613,2301.61,29.7,2271.91,317.4,133.2,12
0400000US39,39,Ohio,5001300US3913,3913,Ohio - Congressional District 13 (113th Congress),Congressional District 13 (113th Congress),721031,336163,921.38,27.08,894.3,806.3,375.9,13
0400000US39,39,Ohio,5001300US3914,3914,Ohio - Congressional District 14 (113th Congress),Congressional District 14 (113th Congress),721032,308758,3395.51,1442.37,1953.14,369.2,158.1,14
0400000US39,39,Ohio,5001300US3915,3915,Ohio - Congressional District 15 (113th Congress),Congressional District 15 (113th Congress),721031,303566,4777.44,38.5,4738.93,152.2,64.1,15
0400000US39,39,Ohio,5001300US3916,3916,Ohio - Congressional District 16 (113th Congress),Congressional District 16 (113th Congress),721031,308521,1217.33,11.99,1205.34,598.2,256,16
0400000US40,40,Oklahoma,5001300US4001,4001,Oklahoma - Congressional District 1 (113th Congress),Congressional District 1 (113th Congress),750270,330549,1687.08,55.41,1631.67,459.8,202.6,1
0400000US40,40,Oklahoma,5001300US4002,4002,Oklahoma - Congressional District 2 (113th Congress),Congressional District 2 (113th Congress),750270,349691,21749.35,754,20995.35,35.7,16.7,2
0400000US40,40,Oklahoma,5001300US4003,4003,Oklahoma - Congressional District 3 (113th Congress),Congressional District 3 (113th Congress),750270,331333,34430.89,314.17,34116.73,22,9.7,3
0400000US40,40,Oklahoma,5001300US4004,4004,Oklahoma - Congressional District 4 (113th Congress),Congressional District 4 (113th Congress),750270,319183,9934.84,157.56,9777.28,76.7,32.6,4
0400000US40,40,Oklahoma,5001300US4005,4005,Oklahoma - Congressional District 5 (113th Congress),Congressional District 5 (113th Congress),750271,333622,2096.7,22.81,2073.9,361.8,160.9,5
0400000US41,41,Oregon,5001300US4101,4101,Oregon - Congressional District 1 (113th Congress),Congressional District 1 (113th Congress),766216,320390,3304.47,297.47,3007,254.8,106.5,1
0400000US41,41,Oregon,5001300US4102,4102,Oregon - Congressional District 2 (113th Congress),Congressional District 2 (113th Congress),766215,354649,70177.46,734.68,69442.78,11,5.1,2
0400000US41,41,Oregon,5001300US4103,4103,Oregon - Congressional District 3 (113th Congress),Congressional District 3 (113th Congress),766215,329680,1106.48,32.02,1074.46,713.1,306.8,3
0400000US41,41,Oregon,5001300US4104,4104,Oregon - Congressional District 4 (113th Congress),Congressional District 4 (113th Congress),766214,343218,18134.27,860.23,17274.04,44.4,19.9,4
0400000US41,41,Oregon,5001300US4105,4105,Oregon - Congressional District 5 (113th Congress),Congressional District 5 (113th Congress),766214,327625,5655.86,466.13,5189.73,147.6,63.1,5
0400000US42,42,Pennsylvania,5001300US4201,4201,Pennsylvania - Congressional District 1 (113th Congress),Congressional District 1 (113th Congress),705688,297975,89.95,12.04,77.91,9058.3,3824.8,1
0400000US42,42,Pennsylvania,5001300US4202,4202,Pennsylvania - Congressional District 2 (113th Congress),Congressional District 2 (113th Congress),705688,329524,75.48,1.34,74.14,9518.7,4444.8,2
0400000US42,42,Pennsylvania,5001300US4203,4203,Pennsylvania - Congressional District 3 (113th Congress),Congressional District 3 (113th Congress),705688,315622,4667.82,817.02,3850.8,183.3,82,3
0400000US42,42,Pennsylvania,5001300US4204,4204,Pennsylvania - Congressional District 4 (113th Congress),Congressional District 4 (113th Congress),705687,295586,1533.92,16.08,1517.84,464.9,194.7,4
0400000US42,42,Pennsylvania,5001300US4205,4205,Pennsylvania - Congressional District 5 (113th Congress),Congressional District 5 (113th Congress),705688,340528,10793.64,82.43,10711.21,65.9,31.8,5
0400000US42,42,Pennsylvania,5001300US4206,4206,Pennsylvania - Congressional District 6 (113th Congress),Congressional District 6 (113th Congress),705688,284205,871.87,11.4,860.47,820.1,330.3,6
0400000US42,42,Pennsylvania,5001300US4207,4207,Pennsylvania - Congressional District 7 (113th Congress),Congressional District 7 (113th Congress),705688,273873,870.76,8.19,862.56,818.1,317.5,7
0400000US42,42,Pennsylvania,5001300US4208,4208,Pennsylvania - Congressional District 8 (113th Congress),Congressional District 8 (113th Congress),705688,277448,726,19.08,706.93,998.3,392.5,8
0400000US42,42,Pennsylvania,5001300US4209,4209,Pennsylvania - Congressional District 9 (113th Congress),Congressional District 9 (113th Congress),705688,317563,5766.73,36.64,5730.09,123.2,55.4,9
0400000US42,42,Pennsylvania,5001300US4210,4210,Pennsylvania - Congressional District 10 (113th Congress),Congressional District 10 (113th Congress),705687,343349,8493.26,115.2,8378.06,84.2,41,10
0400000US42,42,Pennsylvania,5001300US4211,4211,Pennsylvania - Congressional District 11 (113th Congress),Congressional District 11 (113th Congress),705688,320599,3431.05,74.57,3356.48,210.2,95.5,11
0400000US42,42,Pennsylvania,5001300US4212,4212,Pennsylvania - Congressional District 12 (113th Congress),Congressional District 12 (113th Congress),705688,318828,2185.94,22.91,2163.03,326.2,147.4,12
0400000US42,42,Pennsylvania,5001300US4213,4213,Pennsylvania - Congressional District 13 (113th Congress),Congressional District 13 (113th Congress),705687,287764,156.2,1.02,155.18,4547.5,1854.4,13
0400000US42,42,Pennsylvania,5001300US4214,4214,Pennsylvania - Congressional District 14 (113th Congress),Congressional District 14 (113th Congress),705688,362556,219.65,10.36,209.29,3371.8,1732.3,14
0400000US42,42,Pennsylvania,5001300US4215,4215,Pennsylvania - Congressional District 15 (113th Congress),Congressional District 15 (113th Congress),705687,287823,1298.15,13.12,1285.03,549.2,224,15
0400000US42,42,Pennsylvania,5001300US4216,4216,Pennsylvania - Congressional District 16 (113th Congress),Congressional District 16 (113th Congress),705688,276397,1038.29,40.61,997.68,707.3,277,16
0400000US42,42,Pennsylvania,5001300US4217,4217,Pennsylvania - Congressional District 17 (113th Congress),Congressional District 17 (113th Congress),705687,321495,1756.12,22.9,1733.22,407.2,185.5,17
0400000US42,42,Pennsylvania,5001300US4218,4218,Pennsylvania - Congressional District 18 (113th Congress),Congressional District 18 (113th Congress),705688,316180,2079.52,6.74,2072.79,340.5,152.5,18
0400000US44,44,Rhode Island,5001300US4401,4401,Rhode Island - Congressional District 1 (113th Congress),Congressional District 1 (113th Congress),526283,232655,511.25,242.75,268.49,1960.1,866.5,1
0400000US44,44,Rhode Island,5001300US4402,4402,Rhode Island - Congressional District 2 (113th Congress),Congressional District 2 (113th Congress),526284,230733,1033.64,268.32,765.32,687.7,301.5,2
0400000US45,45,South Carolina,5001300US4501,4501,South Carolina - Congressional District 1 (113th Congress),Congressional District 1 (113th Congress),660766,321968,2396.15,848.29,1547.86,426.9,208,1
0400000US45,45,South Carolina,5001300US4502,4502,South Carolina - Congressional District 2 (113th Congress),Congressional District 2 (113th Congress),660766,285330,3109.49,87.32,3022.17,218.6,94.4,2
0400000US45,45,South Carolina,5001300US4503,4503,South Carolina - Congressional District 3 (113th Congress),Congressional District 3 (113th Congress),660767,299143,5468.57,200.3,5268.28,125.4,56.8,3
0400000US45,45,South Carolina,5001300US4504,4504,South Carolina - Congressional District 4 (113th Congress),Congressional District 4 (113th Congress),660766,287754,1316.65,17.35,1299.3,508.6,221.5,4
0400000US45,45,South Carolina,5001300US4505,4505,South Carolina - Congressional District 5 (113th Congress),Congressional District 5 (113th Congress),660766,286098,5608.24,102.7,5505.54,120,52,5
0400000US45,45,South Carolina,5001300US4506,4506,South Carolina - Congressional District 6 (113th Congress),Congressional District 6 (113th Congress),660766,293122,8396.32,333.39,8062.93,82,36.4,6
0400000US45,45,South Carolina,5001300US4507,4507,South Carolina - Congressional District 7 (113th Congress),Congressional District 7 (113th Congress),660767,364268,5725.05,370.43,5354.62,123.4,68,7
0400000US46,46,South Dakota,5001300US4600,4600,South Dakota - Congressional District (at Large) (113th Congress),Congressional District (at Large) (113th Congress),814180,363438,77115.68,1304.68,75811,10.7,4.8,1
0400000US47,47,Tennessee,5001300US4701,4701,Tennessee - Congressional District 1 (113th Congress),Congressional District 1 (113th Congress),705123,344154,4222.18,80.26,4141.92,170.2,83.1,1
0400000US47,47,Tennessee,5001300US4702,4702,Tennessee - Congressional District 2 (113th Congress),Congressional District 2 (113th Congress),705123,319302,2429.26,108.58,2320.68,303.8,137.6,2
0400000US47,47,Tennessee,5001300US4703,4703,Tennessee - Congressional District 3 (113th Congress),Congressional District 3 (113th Congress),705122,319644,4714.17,143.85,4570.32,154.3,69.9,3
0400000US47,47,Tennessee,5001300US4704,4704,Tennessee - Congressional District 4 (113th Congress),Congressional District 4 (113th Congress),705123,298225,6078.07,93.24,5984.84,117.8,49.8,4
0400000US47,47,Tennessee,5001300US4705,4705,Tennessee - Congressional District 5 (113th Congress),Congressional District 5 (113th Congress),705123,316443,1276.47,27.9,1248.57,564.7,253.4,5
0400000US47,47,Tennessee,5001300US4706,4706,Tennessee - Congressional District 6 (113th Congress),Congressional District 6 (113th Congress),705123,306893,6600.04,125.83,6474.21,108.9,47.4,6
0400000US47,47,Tennessee,5001300US4707,4707,Tennessee - Congressional District 7 (113th Congress),Congressional District 7 (113th Congress),705123,300699,9321.19,160.75,9160.44,77,32.8,7
0400000US47,47,Tennessee,5001300US4708,4708,Tennessee - Congressional District 8 (113th Congress),Congressional District 8 (113th Congress),705122,293930,6998.39,147.87,6850.53,102.9,42.9,8
0400000US47,47,Tennessee,5001300US4709,4709,Tennessee - Congressional District 9 (113th Congress),Congressional District 9 (113th Congress),705123,312843,504.47,21.08,483.39,1458.7,647.2,9
0400000US48,48,Texas,5001300US4801,4801,Texas - Congressional District 1 (113th Congress),Congressional District 1 (113th Congress),698488,298190,8236.09,377.23,7858.86,88.9,37.9,1
0400000US48,48,Texas,5001300US4802,4802,Texas - Congressional District 2 (113th Congress),Congressional District 2 (113th Congress),698488,282054,330.05,21.3,308.75,2262.3,913.5,2
0400000US48,48,Texas,5001300US4803,4803,Texas - Congressional District 3 (113th Congress),Congressional District 3 (113th Congress),698488,271687,518.65,37.78,480.88,1452.5,565,3
0400000US48,48,Texas,5001300US4804,4804,Texas - Congressional District 4 (113th Congress),Congressional District 4 (113th Congress),698488,297740,10520.47,397.47,10123,69,29.4,4
0400000US48,48,Texas,5001300US4805,4805,Texas - Congressional District 5 (113th Congress),Congressional District 5 (113th Congress),698488,283034,5234.98,191.14,5043.85,138.5,56.1,5
0400000US48,48,Texas,5001300US4806,4806,Texas - Congressional District 6 (113th Congress),Congressional District 6 (113th Congress),698498,270792,2247.31,98.9,2148.41,325.1,126,6
0400000US48,48,Texas,5001300US4807,4807,Texas - Congressional District 7 (113th Congress),Congressional District 7 (113th Congress),698488,304372,163.17,1.23,161.94,4313.1,1879.5,7
0400000US48,48,Texas,5001300US4808,4808,Texas - Congressional District 8 (113th Congress),Congressional District 8 (113th Congress),698488,277192,6213.55,159.79,6053.76,115.4,45.8,8
0400000US48,48,Texas,5001300US4809,4809,Texas - Congressional District 9 (113th Congress),Congressional District 9 (113th Congress),698488,269793,167.7,2.06,165.64,4216.8,1628.7,9
0400000US48,48,Texas,5001300US4810,4810,Texas - Congressional District 10 (113th Congress),Congressional District 10 (113th Congress),698487,286590,5143.23,72.28,5070.95,137.7,56.5,10
0400000US48,48,Texas,5001300US4811,4811,Texas - Congressional District 11 (113th Congress),Congressional District 11 (113th Congress),698488,315945,28053.61,221.44,27832.17,25.1,11.4,11
0400000US48,48,Texas,5001300US4812,4812,Texas - Congressional District 12 (113th Congress),Congressional District 12 (113th Congress),698488,292086,1474.63,33.47,1441.16,484.7,202.7,12
0400000US48,48,Texas,5001300US4813,4813,Texas - Congressional District 13 (113th Congress),Congressional District 13 (113th Congress),698488,299560,38645.47,296.23,38349.24,18.2,7.8,13
0400000US48,48,Texas,5001300US4814,4814,Texas - Congressional District 14 (113th Congress),Congressional District 14 (113th Congress),698472,297084,3427.12,985.73,2441.39,286.1,121.7,14
0400000US48,48,Texas,5001300US4815,4815,Texas - Congressional District 15 (113th Congress),Congressional District 15 (113th Congress),698488,232247,7863.82,59.74,7804.07,89.5,29.8,15
0400000US48,48,Texas,5001300US4816,4816,Texas - Congressional District 16 (113th Congress),Congressional District 16 (113th Congress),698488,241620,711.94,1.59,710.35,983.3,340.1,16
0400000US48,48,Texas,5001300US4817,4817,Texas - Congressional District 17 (113th Congress),Congressional District 17 (113th Congress),698487,294970,7770.14,118.98,7651.16,91.3,38.6,17
0400000US48,48,Texas,5001300US4818,4818,Texas - Congressional District 18 (113th Congress),Congressional District 18 (113th Congress),698488,279621,236.97,1.77,235.2,2969.8,1188.9,18
0400000US48,48,Texas,5001300US4819,4819,Texas - Congressional District 19 (113th Congress),Congressional District 19 (113th Congress),698487,289508,25944.67,109.08,25835.59,27,11.2,19
0400000US48,48,Texas,5001300US4820,4820,Texas - Congressional District 20 (113th Congress),Congressional District 20 (113th Congress),698488,262643,200.27,0.59,199.68,3498.1,1315.3,20
0400000US48,48,Texas,5001300US4821,4821,Texas - Congressional District 21 (113th Congress),Congressional District 21 (113th Congress),698488,327883,5956.36,35.47,5920.89,118,55.4,21
0400000US48,48,Texas,5001300US4822,4822,Texas - Congressional District 22 (113th Congress),Congressional District 22 (113th Congress),698504,246871,1057.07,24.23,1032.84,676.3,239,22
0400000US48,48,Texas,5001300US4823,4823,Texas - Congressional District 23 (113th Congress),Congressional District 23 (113th Congress),698488,253666,58232.92,173.73,58059.19,12,4.4,23
0400000US48,48,Texas,5001300US4824,4824,Texas - Congressional District 24 (113th Congress),Congressional District 24 (113th Congress),698488,309224,271.75,8.99,262.76,2658.3,1176.8,24
0400000US48,48,Texas,5001300US4825,4825,Texas - Congressional District 25 (113th Congress),Congressional District 25 (113th Congress),698478,286892,7744.51,123.81,7620.7,91.7,37.6,25
0400000US48,48,Texas,5001300US4826,4826,Texas - Congressional District 26 (113th Congress),Congressional District 26 (113th Congress),698488,258293,981.23,74.08,907.15,770,284.7,26
0400000US48,48,Texas,5001300US4827,4827,Texas - Congressional District 27 (113th Congress),Congressional District 27 (113th Congress),698487,303188,10872.62,1744.36,9128.25,76.5,33.2,27
0400000US48,48,Texas,5001300US4828,4828,Texas - Congressional District 28 (113th Congress),Congressional District 28 (113th Congress),698488,236751,9494.5,115.97,9378.53,74.5,25.2,28
0400000US48,48,Texas,5001300US4829,4829,Texas - Congressional District 29 (113th Congress),Congressional District 29 (113th Congress),698488,230002,191.11,4.05,187.07,3733.9,1229.5,29
0400000US48,48,Texas,5001300US4830,4830,Texas - Congressional District 30 (113th Congress),Congressional District 30 (113th Congress),698487,262680,369.03,12.76,356.27,1960.5,737.3,30
0400000US48,48,Texas,5001300US4831,4831,Texas - Congressional District 31 (113th Congress),Congressional District 31 (113th Congress),698487,275802,2207.37,52.88,2154.49,324.2,128,31
0400000US48,48,Texas,5001300US4832,4832,Texas - Congressional District 32 (113th Congress),Congressional District 32 (113th Congress),698488,300353,199.36,13.7,185.66,3762.1,1617.7,32
0400000US48,48,Texas,5001300US4833,4833,Texas - Congressional District 33 (113th Congress),Congressional District 33 (113th Congress),698488,236178,218.37,6.43,211.94,3295.7,1114.4,33
0400000US48,48,Texas,5001300US4834,4834,Texas - Congressional District 34 (113th Congress),Congressional District 34 (113th Congress),698487,251428,9489.52,1299.21,8190.32,85.3,30.7,34
0400000US48,48,Texas,5001300US4835,4835,Texas - Congressional District 35 (113th Congress),Congressional District 35 (113th Congress),698488,261609,601.39,7.63,593.77,1176.4,440.6,35
0400000US48,48,Texas,5001300US4836,4836,Texas - Congressional District 36 (113th Congress),Congressional District 36 (113th Congress),698488,289888,7605.5,479.67,7125.83,98,40.7,36
0400000US49,49,Utah,5001300US4901,4901,Utah - Congressional District 1 (113th Congress),Congressional District 1 (113th Congress),690971,256538,20805.22,1244.43,19560.79,35.3,13.1,1
0400000US49,49,Utah,5001300US4902,4902,Utah - Congressional District 2 (113th Congress),Congressional District 2 (113th Congress),690971,268168,41149.7,1161.75,39987.95,17.3,6.7,2
0400000US49,49,Utah,5001300US4903,4903,Utah - Congressional District 3 (113th Congress),Congressional District 3 (113th Congress),690972,224727,20247.12,176.59,20070.54,34.4,11.2,3
0400000US49,49,Utah,5001300US4904,4904,Utah - Congressional District 4 (113th Congress),Congressional District 4 (113th Congress),690971,230276,2694.83,144.48,2550.35,270.9,90.3,4
0400000US50,50,Vermont,5001300US5000,5000,Vermont - Congressional District (at Large) (113th Congress),Congressional District (at Large) (113th Congress),625741,322539,9616.36,399.71,9216.66,67.9,35,1
0400000US51,51,Virginia,5001300US5101,5101,Virginia - Congressional District 1 (113th Congress),Congressional District 1 (113th Congress),727366,293845,4530.89,846.57,3684.32,197.4,79.8,1
0400000US51,51,Virginia,5001300US5102,5102,Virginia - Congressional District 2 (113th Congress),Congressional District 2 (113th Congress),708087,303026,2797.28,1805.61,991.68,714,305.6,2
0400000US51,51,Virginia,5001300US5103,5103,Virginia - Congressional District 3 (113th Congress),Congressional District 3 (113th Congress),746645,321196,1159.03,211.93,947.1,788.3,339.1,3
0400000US51,51,Virginia,5001300US5104,5104,Virginia - Congressional District 4 (113th Congress),Congressional District 4 (113th Congress),727366,280679,4380.01,69.67,4310.34,168.7,65.1,4
0400000US51,51,Virginia,5001300US5105,5105,Virginia - Congressional District 5 (113th Congress),Congressional District 5 (113th Congress),727365,340960,10181.03,151.24,10029.79,72.5,34,5
0400000US51,51,Virginia,5001300US5106,5106,Virginia - Congressional District 6 (113th Congress),Congressional District 6 (113th Congress),727366,325066,5970.54,40.52,5930.02,122.7,54.8,6
0400000US51,51,Virginia,5001300US5107,5107,Virginia - Congressional District 7 (113th Congress),Congressional District 7 (113th Congress),727366,299421,2842.42,66.02,2776.39,262,107.8,7
0400000US51,51,Virginia,5001300US5108,5108,Virginia - Congressional District 8 (113th Congress),Congressional District 8 (113th Congress),727366,325736,160.44,11.2,149.24,4873.8,2182.6,8
0400000US51,51,Virginia,5001300US5109,5109,Virginia - Congressional District 9 (113th Congress),Congressional District 9 (113th Congress),727366,342503,9173.67,59.8,9113.87,79.8,37.6,9
0400000US51,51,Virginia,5001300US5110,5110,Virginia - Congressional District 10 (113th Congress),Congressional District 10 (113th Congress),727365,259558,1386.15,13.91,1372.24,530.1,189.1,10
0400000US51,51,Virginia,5001300US5111,5111,Virginia - Congressional District 11 (113th Congress),Congressional District 11 (113th Congress),727366,272949,193.46,8.37,185.09,3929.8,1474.7,11
0400000US53,53,Washington,5001300US5301,5301,Washington - Congressional District 1 (113th Congress),Congressional District 1 (113th Congress),672444,278816,6609.64,423.17,6186.47,108.7,45.1,1
0400000US53,53,Washington,5001300US5302,5302,Washington - Congressional District 2 (113th Congress),Congressional District 2 (113th Congress),672454,296894,2053.46,1038.44,1015.02,662.5,292.5,2
0400000US53,53,Washington,5001300US5303,5303,Washington - Congressional District 3 (113th Congress),Congressional District 3 (113th Congress),672448,283279,9582.14,468.12,9114.01,73.8,31.1,3
0400000US53,53,Washington,5001300US5304,5304,Washington - Congressional District 4 (113th Congress),Congressional District 4 (113th Congress),672456,253235,19562.08,311.86,19250.22,34.9,13.2,4
0400000US53,53,Washington,5001300US5305,5305,Washington - Congressional District 5 (113th Congress),Congressional District 5 (113th Congress),672455,294931,15704.36,231.23,15473.13,43.5,19.1,5
0400000US53,53,Washington,5001300US5306,5306,Washington - Congressional District 6 (113th Congress),Congressional District 6 (113th Congress),672448,313243,8868.34,1965.6,6902.73,97.4,45.4,6
0400000US53,53,Washington,5001300US5307,5307,Washington - Congressional District 7 (113th Congress),Congressional District 7 (113th Congress),672457,336875,275.56,131.43,144.13,4665.5,2337.2,7
0400000US53,53,Washington,5001300US5308,5308,Washington - Congressional District 8 (113th Congress),Congressional District 8 (113th Congress),672463,270391,7500.59,140.89,7359.7,91.4,36.7,8
0400000US53,53,Washington,5001300US5309,5309,Washington - Congressional District 9 (113th Congress),Congressional District 9 (113th Congress),672460,281206,224.96,41.53,183.43,3666.1,1533.1,9
0400000US53,53,Washington,5001300US5310,5310,Washington - Congressional District 10 (113th Congress),Congressional District 10 (113th Congress),672455,276807,916.82,90.15,826.67,813.4,334.8,10
0400000US54,54,West Virginia,5001300US5401,5401,West Virginia - Congressional District 1 (113th Congress),Congressional District 1 (113th Congress),615991,288983,6343.71,68.14,6275.56,98.2,46,1
0400000US54,54,West Virginia,5001300US5402,5402,West Virginia - Congressional District 2 (113th Congress),Congressional District 2 (113th Congress),620862,292589,8066.65,49.34,8017.31,77.4,36.5,2
0400000US54,54,West Virginia,5001300US5403,5403,West Virginia - Congressional District 3 (113th Congress),Congressional District 3 (113th Congress),616141,300345,9819.68,74.35,9745.33,63.2,30.8,3
0400000US55,55,Wisconsin,5001300US5501,5501,Wisconsin - Congressional District 1 (113th Congress),Congressional District 1 (113th Congress),710874,305189,2702.64,974.72,1727.92,411.4,176.6,1
0400000US55,55,Wisconsin,5001300US5502,5502,Wisconsin - Congressional District 2 (113th Congress),Congressional District 2 (113th Congress),710874,314693,4609.71,73.02,4536.69,156.7,69.4,2
0400000US55,55,Wisconsin,5001300US5503,5503,Wisconsin - Congressional District 3 (113th Congress),Congressional District 3 (113th Congress),710873,317537,11431.74,319.96,11111.79,64,28.6,3
0400000US55,55,Wisconsin,5001300US5504,5504,Wisconsin - Congressional District 4 (113th Congress),Congressional District 4 (113th Congress),710873,309795,1076.16,947.81,128.35,5538.7,2413.7,4
0400000US55,55,Wisconsin,5001300US5505,5505,Wisconsin - Congressional District 5 (113th Congress),Congressional District 5 (113th Congress),710873,306266,1954.55,63.8,1890.75,376,162,5
0400000US55,55,Wisconsin,5001300US5506,5506,Wisconsin - Congressional District 6 (113th Congress),Congressional District 6 (113th Congress),710873,320415,7744.18,2825.79,4918.39,144.5,65.1,6
0400000US55,55,Wisconsin,5001300US5507,5507,Wisconsin - Congressional District 7 (113th Congress),Congressional District 7 (113th Congress),710873,412741,26012.01,2974.75,23037.26,30.9,17.9,7
0400000US55,55,Wisconsin,5001300US5508,5508,Wisconsin - Congressional District 8 (113th Congress),Congressional District 8 (113th Congress),710873,337722,9965.39,3158.72,6806.67,104.4,49.6,8
0400000US56,56,Wyoming,5001300US5600,5600,Wyoming - Congressional District (at Large) (113th Congress),Congressional District (at Large) (113th Congress),563626,261868,97813.01,719.87,97093.14,5.8,2.7,1
